rank_test_score,param_model__optimizer,param_model__learning_rate,mean_test_score
1,Adam,0.001,0.9687362824952447
2,Adam,0.01,0.9687281536035378
3,Adam,0.0001,0.9539091840218504
4,RMSprop,0.0001,0.9522508901136418
5,SGD,0.1,0.9506413695556747
6,Adam,0.1,0.9358061421905738
7,SGD,0.01,0.9209871726088865
8,RMSprop,0.001,0.9095579508689785
9,RMSprop,0.01,0.9044286202019217
10,RMSprop,0.1,0.874969516656099
11,SGD,0.001,0.8732949649644768
12,SGD,0.0001,0.7368271309889609
