{"accuracy": [0.8059210777282715, 0.9243420958518982, 0.9753289818763733, 0.9884868264198303, 0.9950658082962036, 0.9983552694320679, 1.0, 1.0, 1.0, 1.0], "loss": [0.5530481338500977, 0.19028662145137787, 0.08147916942834854, 0.04878966137766838, 0.025746187195181847, 0.01842423528432846, 0.013722428120672703, 0.009935326874256134, 0.007328231818974018, 0.005606476683169603], "val_accuracy": [0.9125000238418579, 0.9312500357627869, 0.956250011920929, 0.96875, 0.9750000238418579, 0.9750000238418579, 0.981249988079071, 0.981249988079071, 0.981249988079071, 0.987500011920929], "val_loss": [0.22534695267677307, 0.15847578644752502, 0.10949138551950455, 0.07856300473213196, 0.06533928960561752, 0.051822006702423096, 0.047689568251371384, 0.04422038421034813, 0.04336961731314659, 0.04396216198801994]}