{"accuracy": [0.6927374601364136, 0.8100559115409851, 0.8938547968864441, 0.9497207403182983, 0.9217877388000488, 0.9329609274864197, 0.910614550113678, 0.9608939290046692, 0.9329609274864197, 0.9441341161727905], "loss": [0.9023208618164062, 0.4359254837036133, 0.342355877161026, 0.1775979995727539, 0.16420093178749084, 0.16783049702644348, 0.15255020558834076, 0.13250099122524261, 0.14656367897987366, 0.14182932674884796], "val_accuracy": [0.7954545617103577, 0.7272727489471436, 0.7954545617103577, 0.8181818723678589, 0.75, 0.8181818723678589, 0.8181818723678589, 0.8409091234207153, 0.8181818723678589, 0.7954545617103577], "val_loss": [0.5478359460830688, 0.6091772317886353, 0.5218303799629211, 0.531794548034668, 0.5709033608436584, 0.5622609257698059, 0.5247176289558411, 0.5177218317985535, 0.6074517965316772, 0.6218912601470947]}