{"accuracy": [0.7526316046714783, 0.8614035248756409, 0.9298245906829834, 0.9491228461265564, 0.9789474010467529, 0.9771929979324341, 0.9894737005233765, 0.9842105507850647, 0.9929824471473694, 0.9964912533760071], "loss": [1.141679286956787, 0.6060882806777954, 0.4744262397289276, 0.43470498919487, 0.36556535959243774, 0.3608601987361908, 0.3305026888847351, 0.32768598198890686, 0.30943191051483154, 0.2980877459049225], "val_accuracy": [0.8169013857841492, 0.8450704216957092, 0.9225351810455322, 0.9154929518699646, 0.9577464461326599, 0.9647887349128723, 0.9647887349128723, 0.9718309640884399, 0.9718309640884399, 0.9647887349128723], "val_loss": [0.7237880229949951, 0.6020257472991943, 0.5107790231704712, 0.4784112870693207, 0.44180136919021606, 0.4003784656524658, 0.3833667039871216, 0.38512080907821655, 0.35885199904441833, 0.37270388007164]}