{"accuracy": [0.7094972729682922, 0.7932961583137512, 0.8324022889137268, 0.8491620421409607, 0.9050279855728149, 0.9441341161727905, 0.9553073048591614, 0.9664804935455322, 0.9888268709182739, 0.9776536822319031], "loss": [1.5108180046081543, 0.9772844314575195, 0.7782731056213379, 0.6449074149131775, 0.5035958886146545, 0.46417906880378723, 0.41242489218711853, 0.40832364559173584, 0.34833577275276184, 0.35346725583076477], "val_accuracy": [0.8181818723678589, 0.8409091234207153, 0.7272727489471436, 0.8636363744735718, 0.886363685131073, 0.886363685131073, 0.7954545617103577, 0.8409091234207153, 0.8409091234207153, 0.8181818723678589], "val_loss": [2.114048480987549, 1.3645988702774048, 1.0897693634033203, 0.8089969158172607, 0.7087076902389526, 0.6908058524131775, 0.7890664339065552, 0.7922713756561279, 0.8144523501396179, 0.8120341897010803]}