{"accuracy": [0.7486034035682678, 0.9050279855728149, 0.9776536822319031, 0.9832402467727661, 0.9888268709182739, 0.9832402467727661, 0.9776536822319031, 0.9888268709182739, 0.994413435459137, 0.994413435459137], "loss": [0.9302993416786194, 0.2239186018705368, 0.10404812544584274, 0.06459565460681915, 0.04273097962141037, 0.04559139534831047, 0.04297572746872902, 0.050488147884607315, 0.029444469138979912, 0.022001838311553], "val_accuracy": [0.8409091234207153, 0.8409091234207153, 0.8181818723678589, 0.7954545617103577, 0.8409091234207153, 0.8409091234207153, 0.8181818723678589, 0.8409091234207153, 0.8409091234207153, 0.8181818723678589], "val_loss": [0.4891929626464844, 0.5899522304534912, 0.655079185962677, 0.758589506149292, 0.6924818158149719, 0.7413028478622437, 0.8152216076850891, 1.0107605457305908, 0.8924990892410278, 0.9164584875106812]}