{"accuracy": [0.7403509020805359, 0.8964912295341492, 0.9280701875686646, 0.9245614409446716, 0.9473684430122375, 0.9614035487174988, 0.9789474010467529, 0.9771929979324341, 0.9649122953414917, 0.9859649538993835], "loss": [0.6107305884361267, 0.26608169078826904, 0.19520987570285797, 0.152585968375206, 0.14853191375732422, 0.10757464170455933, 0.07542412728071213, 0.06921066343784332, 0.0904841423034668, 0.05182605981826782], "val_accuracy": [0.9014084339141846, 0.9295774698257446, 0.9436619281768799, 0.9507042169570923, 0.9507042169570923, 0.9718309640884399, 0.9718309640884399, 0.9647887349128723, 0.9718309640884399, 0.9718309640884399], "val_loss": [0.24437567591667175, 0.17087234556674957, 0.1324814110994339, 0.12384995073080063, 0.11506198346614838, 0.08170671761035919, 0.09562138468027115, 0.09089067578315735, 0.06902505457401276, 0.06913220882415771]}